{"features": {"min": [-0.022483883111883422, -0.7416099040421618], "scale": [0.0002126940035179588, 0.00033146058105039855], "data_min": [105.71, 2237.4], "data_max": [4807.3, 5254.35]}, "target": {"min": [-0.022483883111883422], "scale": [0.0002126940035179588], "data_min": [105.71], "data_max": [4807.3]}}